OrderDetailID;OrderID;ProductID;NombreEnvento;Address;FechaInicio;FechaFin;CantidadPersonas;CantidadDias
1;483705;60;Semper Et Corporation;Ap #956-2550 Consectetuer Street;4/1/2014;29/1/2014;25;25
2;483617;60;Quisque Porttitor Industries;P.O. Box 780, 9261 Proin St.;12/1/2014;28/1/2014;69;16
3;483790;29;Turpis Vitae Purus Ltd;Ap #556-3565 Sed Avenue;10/1/2014;27/1/2014;86;17
4;483710;12;Sed Pede LLP;P.O. Box 826, 3074 Aliquet Av.;11/1/2014;17/1/2014;79;6
5;483711;32;Cum LLC;984-3154 Est Rd.;6/2/2014;23/2/2014;31;17
6;483704;32;Nullam Scelerisque Neque Company;200-557 Duis Avenue;7/2/2014;25/2/2014;1;18
7;483765;22;Phasellus Institute;P.O. Box 668, 910 In St.;2/2/2014;17/2/2014;73;15
8;483766;21;Tempor Inc.;1712 Donec Road;10/2/2014;27/2/2014;102;17
9;483722;65;Nec Ante Inc.;Ap #733-3628 Amet, Ave;10/2/2014;27/2/2014;51;17
10;483685;1;At Corp.;P.O. Box 813, 3943 Nulla Avenue;14/4/2014;16/4/2014;145;2
11;483775;22;Curabitur Consequat Limited;Ap #486-4445 Etiam Rd.;14/4/2014;17/4/2014;20;3
12;483761;56;Faucibus Morbi Vehicula PC;113-8458 Neque. St.;4/4/2014;30/4/2014;77;26
13;483709;69;Tellus Consulting;6471 Mauris. Rd.;10/4/2014;16/4/2014;32;6
14;483748;53;Eros Proin Ultrices LLC;197 Amet, St.;7/4/2014;22/4/2014;71;15
15;483579;63;Euismod Company;P.O. Box 244, 3972 Dis St.;12/4/2014;28/4/2014;76;16
16;483700;29;In Institute;8974 Volutpat. Avenue;9/4/2014;19/4/2014;132;10
17;483688;44;Bibendum Fermentum Ltd;368-9599 Amet, Street;9/7/2014;22/7/2014;75;13
18;483613;64;Mauris Integer Sem Associates;186-646 Ligula Road;11/7/2014;24/7/2014;58;13
19;483679;54;Molestie In Associates;942-4955 Porttitor St.;6/7/2014;29/7/2014;54;23
20;483717;24;Vulputate Risus A Associates;3121 Nunc Rd.;1/7/2014;18/7/2014;99;17
21;483692;47;Dictum Eleifend Nunc Inc.;P.O. Box 538, 7884 Ac Avenue;4/7/2014;19/7/2014;71;15
22;483634;55;Mauris Aliquam Eu Limited;620-2630 Quisque Street;6/7/2014;27/7/2014;25;21
23;483677;1;Dolor Sit Amet Foundation;P.O. Box 321, 4803 Ullamcorper. St.;8/7/2014;24/7/2014;84;16
24;483667;61;Felis Ullamcorper Associates;P.O. Box 173, 7095 Elit Rd.;9/7/2014;16/7/2014;29;7
25;483651;34;Quis Accumsan Limited;Ap #798-4913 Interdum Road;3/9/2014;24/9/2014;120;21
26;483712;30;Lorem Fringilla Ornare Industries;630-381 Nec Ave;6/9/2014;25/9/2014;52;19
27;483654;4;Et Netus Ltd;5462 Lobortis Avenue;2/9/2014;20/9/2014;141;18
28;483759;66;Tincidunt Corporation;198-1817 Nec Rd.;4/9/2014;25/9/2014;70;21
29;483766;39;Ut PC;715-3106 Quis, Rd.;3/9/2014;29/9/2014;149;26
30;483711;45;Luctus Curabitur PC;P.O. Box 734, 8951 Ornare. Rd.;7/9/2014;27/9/2014;4;20
31;483747;72;Dui Quis Corp.;P.O. Box 277, 3857 Tellus. St.;12/9/2014;22/9/2014;8;10
32;483777;31;Vitae Erat Industries;8895 Tincidunt St.;9/9/2014;26/9/2014;21;17
33;483706;31;Elit A Ltd;Ap #212-6665 Velit. St.;7/11/2014;1/12/2014;34;24
34;483618;50;Varius PC;Ap #731-3939 Aliquet, Ave;11/11/2014;29/11/2014;68;18
35;483607;60;Nunc Industries;7932 Quis, Avenue;14/11/2014;23/11/2014;18;9
36;483788;15;Felis Associates;122-3028 Eu, St.;14/11/2014;27/11/2014;28;13
37;483572;24;Donec Elementum Inc.;641-5200 Sed Rd.;7/11/2014;1/12/2014;11;24
38;483728;18;Id Ante Nunc Ltd;Ap #336-9496 Sed Street;2/11/2014;23/11/2014;81;21
39;483764;63;Diam Eu PC;7536 Eu Ave;7/11/2014;22/11/2014;82;15
40;483785;73;Quam Ltd;Ap #218-1191 Adipiscing Rd.;1/11/2014;26/11/2014;59;25
41;483707;12;Nibh Lacinia Corporation;P.O. Box 521, 8220 Sem Rd.;12/11/2014;24/11/2014;18;12
42;483580;51;Suspendisse Aliquet Ltd;4048 Libero Rd.;10/11/2014;21/11/2014;80;11
43;483666;58;Facilisis Facilisis Corporation;Ap #240-3905 Ut Av.;14/11/2014;28/11/2014;41;14
44;483621;34;Vitae Ltd;P.O. Box 302, 8600 Dolor. Rd.;12/12/2014;27/12/2014;85;15
45;483622;35;Egestas PC;389-5260 Aenean St.;14/12/2014;17/12/2014;82;3
46;483662;4;Quisque Ltd;823-4930 Vitae, St.;14/12/2014;16/12/2014;130;2
47;483731;42;Integer Company;109-1423 Vulputate Rd.;12/12/2014;22/12/2014;38;10
48;483666;14;Arcu Et Pede Institute;3765 Blandit. Rd.;9/12/2014;19/12/2014;123;10
49;483709;62;Arcu PC;942-2904 Suspendisse Rd.;15/12/2014;31/12/2014;63;16
50;483590;43;Ut Sagittis Lobortis Foundation;608-7176 Nulla Av.;15/12/2014;22/12/2014;29;7
51;483664;72;Vitae Odio LLC;P.O. Box 213, 8418 Dictum Road;11/12/2014;16/12/2014;22;5
52;483683;29;In Consectetuer Institute;Ap #601-1628 Lacus Street;1/12/2014;30/12/2014;48;29
53;483628;48;Sed Molestie PC;P.O. Box 981, 7738 Mauris Avenue;10/12/2014;18/12/2014;143;8
54;483699;72;Tincidunt Neque Foundation;Ap #132-3110 Ligula Av.;10/12/2014;28/12/2014;66;18
55;483723;21;Egestas LLC;8047 Interdum St.;7/12/2014;16/12/2014;108;9
56;483749;13;Purus Mauris A Inc.;Ap #928-4549 Dolor Rd.;8/12/2014;24/12/2014;26;16
57;483781;58;Luctus Et Ultrices Corporation;9694 Semper, St.;5/12/2014;18/12/2014;107;13
58;483713;9;Velit Pellentesque Ultricies Company;P.O. Box 484, 3152 Suscipit, Av.;15/12/2014;28/12/2014;143;13
59;483783;7;Mauris Morbi Non Corp.;P.O. Box 154, 8789 Ornare Av.;3/12/2014;23/12/2014;10;20
60;483668;37;Cras Vehicula Foundation;P.O. Box 241, 9941 Et Av.;12/1/2015;29/1/2015;119;17
61;483753;13;Phasellus Foundation;1525 Eget Av.;9/1/2015;29/1/2015;87;20
62;483694;11;Quis Lectus Limited;4947 In Rd.;14/1/2015;19/1/2015;14;5
63;483712;6;Dolor Limited;4455 Aliquam Av.;7/1/2015;21/1/2015;134;14
64;483653;44;Ultrices Posuere Limited;3414 Gravida Av.;9/1/2015;16/1/2015;71;7
65;483749;61;Sociosqu Associates;Ap #381-144 A, Avenue;8/1/2015;19/1/2015;146;11
66;483595;43;Malesuada Corporation;7178 Adipiscing Street;15/1/2015;20/1/2015;48;5
67;483647;56;Egestas Ligula Nullam Corp.;Ap #872-2763 Venenatis Road;15/1/2015;30/1/2015;19;15
68;483635;72;Dictum Augue Malesuada LLP;294 Odio St.;1/1/2015;24/1/2015;121;23
69;483592;70;Erat Semper Rutrum Foundation;Ap #942-5163 A Rd.;10/1/2015;29/1/2015;147;19
70;483778;4;Congue Associates;P.O. Box 226, 1057 Nascetur Rd.;9/2/2015;25/2/2015;104;16
71;483768;1;Eu Eleifend Nec Limited;P.O. Box 642, 5477 Bibendum Street;10/2/2015;25/2/2015;19;15
72;483591;45;Diam Proin Institute;P.O. Box 617, 1726 Integer St.;6/2/2015;1/3/2015;110;23
73;483579;54;Egestas Inc.;4777 Fusce Avenue;11/2/2015;2/3/2015;59;19
74;483574;12;Arcu Sed Eu Limited;106 Id St.;13/2/2015;22/2/2015;1;9
75;483651;12;Lacinia Institute;7116 Non Rd.;7/4/2015;22/4/2015;24;15
76;483628;41;Nisl Corporation;Ap #557-9906 Nullam Avenue;5/4/2015;26/4/2015;49;21
77;483709;48;Vulputate Risus Ltd;Ap #429-9707 Justo Street;8/4/2015;16/4/2015;64;8
78;483781;24;Bibendum Ullamcorper Duis Incorporated;159-3400 Sit Avenue;5/4/2015;30/4/2015;34;25
79;483696;9;Nunc Sed Orci Incorporated;108-228 Congue, Rd.;14/4/2015;18/4/2015;36;4
80;483729;49;Enim Condimentum Institute;Ap #737-7291 Posuere Street;11/4/2015;25/4/2015;50;14
81;483579;26;Maecenas Libero Corp.;P.O. Box 501, 5391 Vitae, St.;13/4/2015;24/4/2015;122;11
82;483788;16;Mauris Blandit Enim LLC;8293 Interdum. Street;6/4/2015;29/4/2015;34;23
83;483581;30;Netus Et LLC;P.O. Box 356, 982 Nullam Avenue;14/6/2015;1/7/2015;104;17
84;483756;53;Cum Sociis Institute;P.O. Box 412, 3954 Integer Street;9/6/2015;25/6/2015;73;16
85;483705;44;Eu Erat Semper Company;720-5299 Eget, St.;6/6/2015;28/6/2015;77;22
86;483758;69;Malesuada Associates;Ap #378-4554 Tincidunt Rd.;1/6/2015;24/6/2015;72;23
87;483671;37;Iaculis Aliquet Diam Industries;284-3747 Arcu. Rd.;2/6/2015;25/6/2015;39;23
88;483624;13;Nulla Facilisis Suspendisse Limited;Ap #690-5762 Nulla. Rd.;15/6/2015;24/6/2015;59;9
89;483701;45;Volutpat Nulla Facilisis Institute;P.O. Box 110, 5693 Elit Avenue;6/6/2015;25/6/2015;52;19
90;483597;1;Arcu Curabitur Ut Inc.;Ap #392-7951 Nullam St.;4/6/2015;27/6/2015;4;23
91;483695;2;Quis LLP;P.O. Box 332, 5940 Ornare, St.;13/10/2015;24/10/2015;117;11
92;483602;2;Nibh Sit Ltd;4538 Ridiculus Rd.;9/10/2015;23/10/2015;65;14
93;483766;66;Aliquam Consulting;Ap #142-4160 Odio. Av.;1/10/2015;16/10/2015;121;15
94;483621;72;Duis Dignissim Consulting;Ap #245-4869 Sed Ave;14/10/2015;24/10/2015;47;10
95;483720;52;Enim Etiam Imperdiet Institute;967-5644 Sagittis. St.;11/10/2015;22/10/2015;66;11
96;483765;31;Nisi A Odio Corp.;1438 Diam Av.;11/10/2015;22/10/2015;93;11
97;483753;72;Non Ante Foundation;7406 Dictum Rd.;11/10/2015;16/10/2015;147;5
98;483677;2;Morbi Metus Vivamus Company;1032 Magna Ave;11/10/2015;25/10/2015;2;14
99;483619;10;Pellentesque PC;568-535 Dictum St.;6/10/2015;23/10/2015;19;17
100;483633;1;Lectus Convallis Institute;1396 Ac Av.;9/10/2015;19/10/2015;133;10
101;483662;31;Dictum Ultricies Ligula Ltd;836-5568 Accumsan Rd.;9/10/2015;23/10/2015;101;14
102;483595;55;Dolor Foundation;8750 Et, Ave;12/10/2015;27/10/2015;147;15
103;483571;31;Orci Adipiscing Non Foundation;870 Neque. Rd.;4/12/2015;19/12/2015;111;15
104;483715;55;Duis PC;P.O. Box 394, 4777 Tempus, Av.;3/12/2015;31/12/2015;107;28
105;483664;48;Tortor Dictum PC;Ap #719-9454 Eu Ave;12/12/2015;29/12/2015;75;17
106;483759;41;In Cursus Et LLC;7785 Nulla Rd.;5/12/2015;31/12/2015;82;26
107;483684;64;Luctus Ipsum Leo Inc.;2545 Lobortis Av.;3/12/2015;17/12/2015;80;14
108;483667;46;Vitae PC;2548 Cursus, Rd.;1/12/2015;29/12/2015;60;28
109;483589;17;Praesent Industries;6882 Interdum. Rd.;10/12/2015;29/12/2015;2;19
110;483788;31;Id Enim Corporation;604-2273 Ut Av.;9/12/2015;22/12/2015;50;13
111;483609;66;Lorem Ut Corp.;922-150 Lectus. St.;15/12/2015;30/12/2015;142;15
112;483751;14;Eu Eleifend Industries;Ap #417-4393 Ut St.;12/12/2015;22/12/2015;2;10
113;483700;35;Mus Proin Vel Corporation;Ap #738-711 Enim. Ave;9/12/2015;30/12/2015;141;21
114;483613;59;Sed Industries;4350 Non, Rd.;9/12/2015;28/12/2015;142;19
115;483602;23;Tempus Eu LLC;Ap #833-1193 Dui. Ave;6/12/2015;27/12/2015;107;21
116;483574;68;Curabitur Massa Consulting;P.O. Box 205, 3841 Semper Rd.;9/1/2016;26/1/2016;81;17
117;483735;51;Dapibus Rutrum Corporation;1859 Libero. Street;3/1/2016;29/1/2016;95;26
118;483715;20;Lacus Incorporated;P.O. Box 531, 2122 Magna St.;14/1/2016;27/1/2016;113;13
119;483729;8;Augue Sed Industries;5711 A, Av.;1/1/2016;17/1/2016;6;16
120;483761;63;Commodo Tincidunt Nibh LLP;395-2454 Est, Road;10/1/2016;28/1/2016;78;18
121;483680;37;Aliquet Sem Ut Ltd;P.O. Box 291, 3371 Mattis. St.;8/1/2016;27/1/2016;43;19
122;483674;8;Erat Sed Nunc Incorporated;9353 Aliquet Avenue;15/1/2016;19/1/2016;21;4
123;483652;8;Suspendisse Aliquet Associates;9024 Varius Av.;7/1/2016;27/1/2016;47;20
124;483660;25;Pharetra LLC;213-4259 Magna Road;5/1/2016;26/1/2016;110;21
125;483708;53;Et Ipsum Associates;P.O. Box 728, 5212 Convallis Ave;12/5/2016;23/5/2016;123;11
126;483701;30;Purus Gravida Consulting;942-8211 In St.;12/5/2016;28/5/2016;106;16
127;483645;14;Enim Nec Tempus Company;635-5786 Diam Avenue;10/5/2016;22/5/2016;25;12
128;483663;44;Non Incorporated;Ap #952-2984 Accumsan Rd.;1/5/2016;29/5/2016;103;28
129;483638;66;Id Ante Nunc Associates;Ap #598-8119 Iaculis St.;5/5/2016;22/5/2016;40;17
130;483789;10;Purus Duis LLP;P.O. Box 464, 6441 Placerat Road;8/5/2016;18/5/2016;47;10
131;483648;1;Sem Elit Pharetra Associates;Ap #448-3523 Cum Rd.;7/5/2016;16/5/2016;69;9
132;483585;62;Et Eros Foundation;8700 Purus St.;5/5/2016;29/5/2016;88;24
133;483718;69;Tristique Pellentesque Tellus Corp.;Ap #296-168 Tempor Av.;9/5/2016;21/5/2016;59;12
134;483693;24;Nam PC;409-9139 Neque. Rd.;11/5/2016;28/5/2016;113;17
135;483608;1;Amet Metus PC;8913 Ipsum Street;1/5/2016;27/5/2016;74;26
136;483737;37;Sapien Aenean Company;2291 Lacus. St.;14/5/2016;18/5/2016;20;4
137;483658;44;Eget Industries;4683 Amet, Street;1/5/2016;17/5/2016;10;16
138;483592;34;Eu PC;6779 Lacinia. Rd.;1/5/2016;23/5/2016;60;22
139;483653;63;Posuere Vulputate Consulting;256-8038 Iaculis Rd.;3/5/2016;18/5/2016;99;15
140;483731;51;Sit Amet Luctus Consulting;213-7570 Lorem. Rd.;12/11/2016;29/11/2016;67;17
141;483720;23;Magna Nam Company;1882 Quisque Street;9/11/2016;28/11/2016;126;19
142;483576;23;Etiam Consulting;Ap #142-5500 Rhoncus. Road;13/11/2016;29/11/2016;52;16
143;483750;32;"Cubilia Curae; Phasellus LLC";8151 Enim, St.;12/11/2016;21/11/2016;150;9
144;483647;46;Ultrices Ltd;8220 Ipsum. Rd.;8/11/2016;26/11/2016;69;18
145;483724;7;Nisi Corporation;4321 Integer Av.;5/11/2016;20/11/2016;12;15
146;483746;16;At Institute;8414 Pellentesque Rd.;7/11/2016;26/11/2016;53;19
147;483710;7;Vel Corp.;P.O. Box 712, 4868 Posuere Av.;3/11/2016;16/11/2016;48;13
148;483690;18;Augue Institute;Ap #217-5675 Est. Rd.;5/11/2016;23/11/2016;102;18
149;483662;32;Donec Non LLC;655-8875 Sit Road;12/11/2016;19/11/2016;19;7
150;483732;73;Cursus Vestibulum Mauris Institute;2575 Aliquet, Rd.;9/11/2016;23/11/2016;15;14
151;483619;28;Mus Proin Inc.;Ap #270-8476 Egestas Av.;7/11/2016;25/11/2016;115;18
152;483716;14;Donec Est Nunc Company;Ap #874-4609 Rutrum Av.;14/11/2016;18/11/2016;106;4
153;483594;7;Sapien Cras Dolor Associates;7655 Libero. Rd.;7/11/2016;20/11/2016;135;13
154;483768;13;Sed Leo Cras Institute;P.O. Box 788, 4226 Risus. Avenue;9/11/2016;27/11/2016;31;18
155;483686;50;Habitant Morbi Foundation;375-4748 Eget Street;2/11/2016;27/11/2016;139;25
156;483732;17;Luctus Aliquet Institute;8906 Pretium Av.;12/11/2016;22/11/2016;63;10
157;483580;58;Sodales Mauris LLC;P.O. Box 960, 3021 Lorem St.;12/11/2016;20/11/2016;42;8
158;483789;42;Dolor Inc.;684-4475 Maecenas Rd.;7/11/2016;30/11/2016;38;23
159;483760;50;Lorem Lorem Ltd;Ap #883-845 Dapibus Rd.;3/11/2016;26/11/2016;19;23
160;483658;4;Cras Vehicula LLC;339-3123 Sed Ave;7/11/2016;22/11/2016;88;15
161;483757;53;Placerat Incorporated;5142 Suspendisse St.;12/11/2016;29/11/2016;7;17
162;483688;25;Nec Enim Consulting;P.O. Box 175, 6326 Elit Avenue;6/11/2016;16/11/2016;106;10
163;483743;26;Dignissim Magna Limited;110-987 Eget St.;15/11/2016;27/11/2016;49;12
164;483668;48;Ac LLC;Ap #513-3156 Euismod Road;5/11/2016;20/11/2016;144;15
165;483575;34;Nisl Nulla Foundation;Ap #508-5810 Velit Road;9/11/2016;17/11/2016;102;8
166;483682;58;Cursus In Foundation;Ap #679-9243 In St.;6/11/2016;30/11/2016;53;24
167;483703;52;Mauris Id Sapien LLP;9631 Est. Rd.;8/11/2016;1/12/2016;42;23
168;483777;44;Sagittis Associates;5232 Nec Avenue;15/12/2016;17/12/2016;4;2
169;483666;8;Cum Sociis LLP;6831 Nec Av.;9/12/2016;25/12/2016;121;16
170;483644;60;Ac Turpis Egestas Limited;P.O. Box 977, 6568 Lobortis St.;2/12/2016;25/12/2016;87;23
171;483592;66;Natoque Penatibus Foundation;7529 Eleifend. Ave;14/12/2016;22/12/2016;132;8
172;483675;9;Arcu Ac Company;7119 Erat Road;6/12/2016;25/12/2016;138;19
173;483742;10;Morbi LLP;234-2411 Mi. Road;2/12/2016;26/12/2016;63;24
174;483610;55;Nunc Commodo Corporation;1293 Malesuada Road;8/12/2016;16/12/2016;123;8
175;483702;20;Malesuada Fames Ac Foundation;Ap #690-6267 Quam, St.;7/12/2016;16/12/2016;59;9
176;483759;36;Luctus Ut Pellentesque Associates;Ap #570-8455 Purus St.;7/12/2016;26/12/2016;5;19
177;483783;63;Nibh Enim Limited;426-3267 Fringilla Road;12/12/2016;29/12/2016;22;17
178;483685;9;Gravida Non PC;Ap #369-1836 Diam. Rd.;4/12/2016;22/12/2016;10;18
179;483672;32;Semper Inc.;Ap #194-1585 Et Street;12/12/2016;29/12/2016;98;17
180;483608;18;Suspendisse Commodo Tincidunt Corp.;Ap #124-7353 Mattis. Rd.;2/12/2016;26/12/2016;110;24
181;483739;56;Enim Consulting;294-8460 Egestas. Street;8/1/2017;21/1/2017;92;13
182;483615;11;Ultricies Ligula Nullam Inc.;Ap #742-9044 Felis Road;3/1/2017;22/1/2017;13;19
183;483668;28;Donec Porttitor Tellus Limited;P.O. Box 655, 6281 Nibh. Rd.;12/1/2017;19/1/2017;24;7
184;483629;38;Dui Cras Pellentesque Foundation;Ap #163-928 Montes, Ave;3/1/2017;29/1/2017;129;26
185;483707;51;Aliquam Arcu Aliquam Ltd;P.O. Box 195, 3334 Etiam Av.;3/1/2017;24/1/2017;5;21
186;483605;62;Vel Arcu Curabitur Company;P.O. Box 551, 3073 Sit St.;3/1/2017;28/1/2017;86;25
187;483769;25;Felis Corporation;293-3427 Aenean Rd.;1/1/2017;28/1/2017;138;27
188;483782;15;Non Lorem Vitae LLC;927-5502 Cras Rd.;3/1/2017;19/1/2017;27;16
189;483749;27;Facilisis Non Bibendum Corp.;334-5706 Sed Street;8/1/2017;17/1/2017;14;9
190;483720;42;Nunc Sit Ltd;180-8391 Erat Av.;12/1/2017;20/1/2017;33;8
191;483593;53;Lorem Ipsum Dolor Ltd;P.O. Box 922, 9170 Semper Rd.;13/1/2017;30/1/2017;135;17
192;483749;17;Quam Dignissim PC;Ap #179-4744 Eget, Avenue;8/1/2017;20/1/2017;56;12
193;483584;13;Egestas Inc.;731-3225 Sit Road;2/1/2017;26/1/2017;81;24
194;483723;15;Eu Corp.;6318 Natoque Avenue;9/1/2017;27/1/2017;55;18
195;483633;31;Urna PC;Ap #678-1152 Placerat, St.;1/4/2017;19/4/2017;137;18
196;483668;52;Nunc Sollicitudin LLP;Ap #273-3616 Cras St.;9/4/2017;25/4/2017;74;16
197;483652;8;Tellus Faucibus Leo Associates;Ap #393-4191 Rutrum Street;6/4/2017;25/4/2017;13;19
198;483674;30;Condimentum Institute;P.O. Box 799, 1510 Euismod Road;11/4/2017;28/4/2017;145;17
199;483716;49;Netus Et Malesuada Corp.;564-6280 Enim Rd.;10/4/2017;28/4/2017;136;18
200;483781;73;Egestas Aliquam Nec PC;696-4792 Rhoncus Av.;2/4/2017;25/4/2017;124;23
201;483701;45;Purus Sapien Gravida Consulting;Ap #526-8605 Morbi Ave;2/4/2017;25/4/2017;60;23
202;483747;30;Nulla Associates;6365 Mauris, Ave;14/4/2017;16/4/2017;5;2
203;483750;39;Ipsum Associates;6359 Elementum Street;8/4/2017;29/4/2017;45;21
204;483739;43;In Limited;619-7826 Elit, Rd.;5/4/2017;21/4/2017;1;16
205;483574;2;Nunc Risus Varius Associates;7351 Facilisis Av.;15/4/2017;18/4/2017;78;3
206;483598;41;Penatibus Et Limited;Ap #909-2973 Congue Street;11/4/2017;22/4/2017;78;11
207;483635;32;Nisi Associates;Ap #604-5153 Nibh Rd.;1/4/2017;16/4/2017;4;15
208;483774;37;Pede Blandit LLP;P.O. Box 445, 3918 Orci St.;5/4/2017;28/4/2017;108;23
209;483775;3;Vestibulum Corporation;837-142 Orci St.;12/4/2017;20/4/2017;57;8
210;483730;65;Pellentesque Consulting;P.O. Box 563, 9107 Odio Rd.;4/4/2017;19/4/2017;72;15
211;483634;23;Vulputate Corp.;242-9647 Fringilla Street;6/9/2017;21/9/2017;40;15
212;483587;15;Libero Proin Corporation;Ap #724-5456 Quisque Av.;12/9/2017;28/9/2017;38;16
213;483678;71;Curabitur Sed Tortor Limited;P.O. Box 154, 6846 Eu St.;10/9/2017;21/9/2017;147;11
214;483673;57;Lectus Convallis Est PC;Ap #566-1762 Mollis Street;14/9/2017;16/9/2017;47;2
215;483578;42;Tincidunt Dui LLC;523-1356 Dictum Av.;5/9/2017;27/9/2017;140;22
216;483735;51;Ridiculus Mus Donec Associates;134-5908 Nec Rd.;2/9/2017;16/9/2017;69;14
217;483662;30;Convallis Institute;Ap #912-4099 Elit, Ave;6/9/2017;21/9/2017;33;15
218;483629;55;Feugiat Associates;Ap #913-2471 Suspendisse Rd.;8/9/2017;20/9/2017;135;12
219;483637;33;Non Feugiat Nec Ltd;996-9969 Nec, Ave;11/9/2017;28/9/2017;50;17
220;483734;59;Et Company;P.O. Box 669, 7385 Tortor. Av.;5/9/2017;20/9/2017;144;15
221;483770;41;Metus Company;Ap #904-6211 Ipsum St.;14/9/2017;22/9/2017;26;8
222;483733;54;Erat Limited;Ap #453-3777 Senectus Road;5/9/2017;16/9/2017;82;11
223;483612;10;Tortor Nunc Corporation;P.O. Box 551, 9504 Nunc St.;15/9/2017;18/9/2017;45;3
224;483583;26;Venenatis A Magna PC;Ap #676-5276 Laoreet St.;1/9/2017;22/9/2017;107;21
225;483693;33;Scelerisque Dui Company;Ap #941-7956 A, Road;14/9/2017;30/9/2017;149;16
226;483690;66;Egestas Rhoncus Corp.;2132 Et Rd.;3/1/2018;29/1/2018;66;26
227;483772;44;Proin Non Massa Limited;681 Eros Rd.;15/1/2018;20/1/2018;121;5
228;483653;6;Ac Industries;306-2914 Ipsum Rd.;1/1/2018;27/1/2018;76;26
229;483639;17;Non Consulting;981-8788 Ut Street;15/1/2018;20/1/2018;41;5
230;483769;38;Sed Tortor Limited;P.O. Box 551, 8898 Purus. Rd.;6/1/2018;23/1/2018;82;17
231;483650;39;A Malesuada Id Foundation;6307 Et St.;13/1/2018;24/1/2018;149;11
232;483585;49;Ante Maecenas Corp.;9922 Vel St.;14/1/2018;23/1/2018;90;9
233;483643;6;Arcu PC;Ap #811-6041 Nulla Av.;9/5/2018;26/5/2018;73;17
234;483706;3;Cursus LLP;Ap #727-5954 Amet Rd.;14/5/2018;22/5/2018;10;8
235;483575;50;Blandit At Corporation;7199 Vitae Rd.;14/5/2018;31/5/2018;82;17
236;483751;64;Vehicula Aliquet Libero Associates;8961 Sed Street;13/5/2018;24/5/2018;99;11
237;483720;54;Non Sapien Molestie PC;4958 Risus. Rd.;6/5/2018;28/5/2018;133;22
238;483674;22;Scelerisque Dui Corporation;P.O. Box 800, 1002 Nisi. St.;11/5/2018;29/5/2018;42;18
239;483766;15;Egestas Industries;8021 Donec Street;7/5/2018;16/5/2018;141;9
240;483612;28;Morbi Accumsan Laoreet Limited;Ap #851-3605 Faucibus St.;2/5/2018;25/5/2018;47;23
241;483716;33;Mattis Ornare Industries;Ap #154-1195 Parturient St.;5/5/2018;24/5/2018;135;19
242;483689;67;Adipiscing Inc.;Ap #840-7835 Pretium St.;6/5/2018;24/5/2018;41;18
243;483668;21;Non Luctus Sit PC;8260 Hendrerit Rd.;9/5/2018;30/5/2018;68;21
244;483735;22;Suspendisse Sagittis Nullam Consulting;P.O. Box 634, 9728 Donec Avenue;4/5/2018;30/5/2018;52;26
245;483625;22;Pede Cum Inc.;P.O. Box 528, 7651 Felis Street;1/5/2018;16/5/2018;100;15
246;483626;53;Nec Urna Institute;P.O. Box 656, 2745 Ac Ave;4/5/2018;21/5/2018;115;17
247;483581;14;Cursus Associates;7223 Aliquet Avenue;7/5/2018;30/5/2018;80;23
248;483662;31;Erat Vivamus Nisi Limited;452-6622 Proin Ave;5/10/2018;25/10/2018;102;20
249;483740;1;Congue Corporation;P.O. Box 163, 8490 Cras Rd.;10/10/2018;27/10/2018;144;17
250;483720;2;Tortor Foundation;P.O. Box 674, 1987 Auctor Road;1/10/2018;18/10/2018;25;17
251;483658;6;Non Leo Company;907-655 Id St.;4/10/2018;24/10/2018;36;20
252;483647;61;Eget Company;P.O. Box 948, 9719 Justo Avenue;6/10/2018;23/10/2018;50;17
253;483700;40;Libero Dui Nec Industries;806-989 Risus Rd.;11/10/2018;23/10/2018;25;12
254;483623;47;Vel Faucibus Id Inc.;4026 Vivamus Ave;14/10/2018;20/10/2018;2;6
255;483602;69;Tempor Augue Ltd;P.O. Box 574, 1447 Fermentum Av.;8/10/2018;31/10/2018;44;23
256;483585;50;Id Erat Foundation;P.O. Box 953, 9390 Nunc Av.;3/10/2018;16/10/2018;18;13
257;483698;59;Fusce Foundation;4410 Rutrum Road;13/10/2018;17/10/2018;145;4
258;483700;11;Pellentesque Massa Consulting;558-6318 Nibh Av.;15/12/2018;18/12/2018;115;3
259;483631;63;Eget Massa Suspendisse PC;P.O. Box 813, 243 Lobortis, Road;15/12/2018;28/12/2018;95;13
260;483708;70;Enim Corporation;468-5202 Arcu. Avenue;12/12/2018;17/12/2018;124;5
261;483746;41;Lobortis LLC;P.O. Box 606, 5971 Dolor Avenue;5/12/2018;16/12/2018;150;11
262;483690;47;Convallis Erat Corporation;Ap #949-9013 Vitae, Rd.;15/12/2018;22/12/2018;114;7
263;483601;52;Pharetra Felis Eget LLP;749-3442 Ipsum Rd.;2/12/2018;17/12/2018;94;15
264;483653;47;Ultrices A Auctor Limited;866-9067 Donec Street;9/1/2019;22/1/2019;22;13
265;483732;67;Eget Corporation;8644 Nulla. St.;4/1/2019;16/1/2019;39;12
266;483653;60;Aenean Limited;796-4693 Porttitor Av.;1/1/2019;26/1/2019;114;25
267;483647;7;Cras Pellentesque Sed Company;P.O. Box 843, 1724 Libero. St.;7/1/2019;17/1/2019;97;10
268;483571;12;Non Quam Limited;P.O. Box 202, 3049 Odio Street;1/1/2019;19/1/2019;60;18
269;483719;33;Ipsum Dolor Sit Institute;P.O. Box 733, 7271 Magna. St.;14/1/2019;24/1/2019;85;10
270;483684;22;Tellus Justo Sit Limited;3757 Per Rd.;14/1/2019;29/1/2019;101;15
271;483725;64;Lectus Ante Dictum Institute;725-7498 Sed, St.;2/1/2019;27/1/2019;128;25
272;483637;68;Cursus Nunc Industries;501-408 Proin Street;5/1/2019;17/1/2019;56;12
273;483654;10;Quam Elementum Industries;7488 Tincidunt Rd.;11/4/2019;21/4/2019;137;10
274;483723;58;Per Conubia Limited;Ap #862-1552 Mauris Road;15/4/2019;24/4/2019;74;9
275;483776;59;Sodales Elit Consulting;P.O. Box 808, 6911 Dui. Av.;6/4/2019;28/4/2019;23;22
276;483572;66;Ac Company;Ap #505-4267 Tincidunt, Road;13/4/2019;19/4/2019;12;6
277;483771;47;Dui Augue Foundation;P.O. Box 175, 7051 Lacinia. Rd.;7/4/2019;28/4/2019;81;21
278;483652;57;Sed Congue Elit PC;Ap #116-4522 Lacinia Avenue;6/4/2019;1/5/2019;54;25
279;483595;49;Faucibus Id Libero Industries;2254 Cras Road;9/4/2019;27/4/2019;7;18
280;483749;61;Nam Industries;P.O. Box 489, 3939 Nam St.;13/4/2019;25/4/2019;32;12
281;483669;17;A Arcu Institute;6146 Nisi Av.;6/4/2019;29/4/2019;54;23
282;483729;12;Urna Ut Tincidunt Foundation;Ap #991-5875 Eros St.;5/9/2019;19/9/2019;130;14
283;483685;37;Integer Vulputate Limited;Ap #591-7680 Malesuada Road;9/9/2019;24/9/2019;48;15
284;483597;38;Aliquet Diam Sed Company;P.O. Box 142, 4167 Ipsum Ave;14/9/2019;23/9/2019;100;9
285;483752;16;Vitae Nibh PC;Ap #996-5045 Felis Av.;4/9/2019;16/9/2019;30;12
286;483669;38;Dui Incorporated;P.O. Box 636, 8096 Vestibulum. Ave;3/9/2019;19/9/2019;8;16
287;483622;5;Auctor Velit LLC;Ap #550-1033 Faucibus. Av.;13/9/2019;27/9/2019;3;14
288;483718;59;Curabitur Institute;P.O. Box 986, 7152 Mattis. Av.;12/9/2019;16/9/2019;28;4
289;483617;29;Vitae Erat Vivamus Company;475-7641 Dictum Rd.;13/9/2019;29/9/2019;23;16
290;483747;72;Duis Volutpat Institute;Ap #898-6567 Vel, Av.;6/9/2019;1/10/2019;94;25
291;483708;47;Amet Industries;8210 Augue Rd.;7/12/2019;26/12/2019;68;19
292;483683;20;Mus Ltd;P.O. Box 606, 2616 Erat St.;13/12/2019;17/12/2019;144;4
293;483753;23;Iaculis Nec Eleifend Company;Ap #277-7518 Pede Rd.;14/12/2019;24/12/2019;150;10
294;483741;10;Arcu Aliquam LLC;P.O. Box 748, 9767 Montes, Av.;15/12/2019;16/12/2019;8;1
295;483783;69;Eu LLP;7648 Dolor Avenue;1/12/2019;29/12/2019;136;28
296;483587;70;Fusce Institute;P.O. Box 954, 3185 Aliquam Av.;2/12/2019;26/12/2019;59;24
297;483624;4;Pede Sagittis Augue Ltd;Ap #634-5225 Imperdiet St.;8/12/2019;17/12/2019;48;9
298;483786;10;Magna Malesuada Vel PC;Ap #925-8072 Nunc Road;8/12/2019;31/12/2019;56;23
299;483642;32;Pede Associates;P.O. Box 999, 1794 Ullamcorper. St.;14/12/2019;16/12/2019;95;2
300;483678;14;Eget Ipsum Suspendisse Ltd;8782 Nostra, Ave;5/12/2019;23/12/2019;75;18